"INDEX","TARGET_FLAG","TARGET_PROBABILITY","TARGET_AMT"
3,0,0.075061317974606,0
9,0,0.205122331467131,0
10,0,0.079216134634564,0
18,0,0.189385726261152,0
21,0,0.172109069992313,0
30,0,0.179214058831455,0
31,1,0.570032977820629,3686.58328499135
37,0,0.433003047363232,0
39,0,0.0417485864682627,0
47,0,0.154692110763324,0
60,0,0.0176197074397334,0
62,1,0.625887800588489,4259.78414205518
63,1,0.851990825979359,3769.13021310684
64,0,0.142666339749396,0
68,0,0.0348530166814968,0
75,1,0.634135762834019,3859.09512603836
76,1,0.692874766390603,3360.08870181008
83,0,0.173738815395349,0
87,1,0.727548286162686,3647.45061088309
92,0,0.364539269034931,0
98,0,0.138609232976619,0
106,0,0.377313743465567,0
107,0,0.0419080428300439,0
113,0,0.274128398168825,0
120,0,0.231068559095134,0
123,0,0.398790340593221,0
125,1,0.681390039598718,4112.71194705704
126,0,0.370846477859022,0
128,0,0.0720524768871773,0
129,0,0.118984210094133,0
131,0,0.110535592201776,0
135,1,0.524126836257106,4400.13876970895
141,0,0.109882676970775,0
147,0,0.174320815107132,0
148,0,0.142231676955895,0
151,0,0.0306178422565122,0
156,0,0.246257936466651,0
157,0,0.212062591343815,0
174,0,0.0667885687192112,0
186,1,0.506303509627401,3579.31610625694
193,0,0.458867062782774,0
195,0,0.453630089066088,0
212,0,0.0135989333093799,0
213,1,0.712596845516555,4020.708375941
217,0,0.00848985713249441,0
223,0,0.202844107618945,0
226,0,0.0369141637893268,0
228,0,0.2956213349492,0
230,0,0.0116173733370403,0
241,1,0.601782154163467,3821.7847402528
243,0,0.15475576280312,0
249,0,0.291878165425985,0
281,1,0.790425906846506,3593.21651553394
288,0,0.0588032313702871,0
294,0,0.333370115306229,0
295,0,0.164101987998725,0
300,0,0.391572719244486,0
302,0,0.416550221487608,0
303,0,0.111049903011762,0
308,1,0.544502748619802,3612.73197069155
319,0,0.01061415737801,0
320,0,0.0483822241338317,0
324,0,0.451713952091545,0
331,0,0.215308003621634,0
343,0,0.052049977839849,0
347,0,0.322056010021514,0
348,1,0.816181449877283,3573.48369906538
350,1,0.727558640022851,4050.36673810388
357,0,0.145019966552986,0
358,0,0.0243962614220396,0
360,0,0.0404138844015447,0
366,0,0.271759383965059,0
367,1,0.721683442891073,3802.21221752771
368,0,0.308870666999233,0
376,1,0.693616393115623,3927.6763135175
380,0,0.244827879214473,0
388,0,0.333978299897266,0
396,0,0.347365378297036,0
398,0,0.120622562263906,0
403,0,0.0319833273672882,0
410,0,0.449956618754054,0
412,0,0.373761938987581,0
420,0,0.488923377727648,0
434,0,0.0203388093804532,0
440,1,0.624398379525023,3895.88449355516
450,1,0.593406832208601,4086.39796578004
453,0,0.248276573773472,0
464,0,0.351872313947248,0
465,0,0.118207304389823,0
466,1,0.835126741870473,3695.5016437227
473,0,0.0806496726119132,0
476,0,0.0856818411084477,0
478,0,0.027786304492487,0
479,0,0.0952871863211686,0
493,0,0.0412419931432728,0
497,0,0.107724252954387,0
503,0,0.010147160489872,0
504,0,0.242041050093201,0
505,0,0.338982695316443,0
507,0,0.195725985284028,0
513,0,0.367077741242477,0
519,0,0.333914564580494,0
521,1,0.603397635412008,3973.21406508444
522,1,0.63771381493551,4324.38317819654
545,0,0.123881634764674,0
549,0,0.104821928434279,0
551,0,0.167770768810147,0
556,0,0.0978298869290235,0
557,1,0.504028066082292,3956.0628646154
559,0,0.273007886398717,0
560,1,0.649456247016075,3994.88523701636
566,0,0.0254981268654715,0
569,0,0.252155970343126,0
573,0,0.201655024563483,0
578,1,0.528174484257233,3879.35099994474
579,0,0.0280603595579704,0
582,0,0.0187807608190891,0
596,1,0.688285913393326,3621.28938020491
598,1,0.745538059150213,3421.53406536661
599,0,0.138570903126457,0
602,0,0.22274883059772,0
605,1,0.767153365528351,3847.90991610048
617,1,0.613338814823601,3894.02455249302
619,0,0.38635470288326,0
630,0,0.197185435722459,0
634,1,0.522904233464107,3808.59820274822
643,0,0.368273662180124,0
645,0,0.225961584698118,0
647,0,0.19038717177813,0
649,0,0.114691029016683,0
656,0,0.114200844006104,0
657,0,0.215389808460732,0
658,0,0.238226091272094,0
667,0,0.0710068355223113,0
692,0,0.115100343504767,0
693,0,0.351589679587073,0
698,1,0.762555966743889,3873.10712512582
699,0,0.46519147005443,0
700,0,0.0478336623634645,0
704,0,0.125790991602821,0
707,0,0.0388867069623876,0
708,1,0.808433059090139,3828.52399336342
709,0,0.155201134507774,0
713,0,0.115537503328597,0
714,0,0.0581825701162348,0
716,1,0.742512037176184,3433.88867053426
718,0,0.180477102966314,0
722,0,0.123360099424932,0
729,0,0.277184557035001,0
731,0,0.0305401533464576,0
733,1,0.708751235284075,3939.9653812706
746,0,0.354822462117686,0
747,1,0.858610892679111,3841.65139150584
748,0,0.369629654384652,0
753,0,0.249662283333255,0
757,1,0.515485502243861,3799.72489282403
763,0,0.0763132710330621,0
767,0,0.119484173340875,0
774,1,0.668057784561229,3811.79403466016
776,1,0.640466587640789,3918.40666640346
788,0,0.154636835726921,0
794,0,0.0969556296566858,0
799,0,0.258963875714954,0
803,0,0.139239947083268,0
806,1,0.682019430224848,4151.64845616835
807,0,0.243914316747196,0
811,0,0.04478111400931,0
816,0,0.117754386017485,0
818,0,0.315280235798842,0
819,0,0.0846827487974691,0
831,0,0.0933589081526255,0
835,1,0.554246556600479,4204.58298855839
837,0,0.130096567321779,0
841,1,0.802574214898374,4054.93580040884
846,0,0.360044686008414,0
856,0,0.282695187076318,0
861,0,0.497327109641045,0
862,1,0.64737818276602,3604.1947830522
863,1,0.574892814118268,4433.83363094691
865,1,0.606106851741491,3608.73332578533
871,1,0.515574096285774,4134.29902171887
879,0,0.160407690526173,0
880,0,0.103547605101407,0
881,0,0.33733381042409,0
885,0,0.286307167602161,0
887,0,0.240128315519204,0
892,0,0.0466137700149444,0
898,0,0.0671778316707873,0
900,0,0.266874711457998,0
904,0,0.305249455195856,0
906,0,0.445977905508583,0
910,1,0.683402286393388,3477.09483401049
912,0,0.255090683492441,0
913,1,0.525431152310205,3612.18644014327
919,0,0.106969435281877,0
924,1,0.539478619019343,3796.8569246206
925,0,0.331384119742844,0
930,0,0.168838893932772,0
940,0,0.243600283893021,0
941,0,0.126287462697091,0
946,0,0.197706524994779,0
949,0,0.284150552051366,0
951,0,0.1042021277709,0
962,0,0.0451088372646088,0
966,0,0.0744091023610664,0
967,0,0.0128370661135452,0
971,1,0.859811598345513,3982.00606714075
981,0,0.0227715469659146,0
982,0,0.0639447968185804,0
983,0,0.047769089920695,0
984,0,0.0257880585871561,0
989,0,0.186870391513847,0
990,1,0.616436581971087,3866.67865463698
992,0,0.409113512277139,0
995,0,0.0669191045088936,0
996,0,0.266223067881686,0
998,0,0.342045197655721,0
1001,0,0.0959128238179605,0
1007,0,0.138256244808625,0
1008,0,0.0210336866115208,0
1016,0,0.028376271105674,0
1022,0,0.0459942525061822,0
1027,0,0.495482157002216,0
1032,0,0.394763067812193,0
1033,0,0.151219667668334,0
1041,0,0.336399263960908,0
1065,1,0.618234910790104,4225.18798168
1074,1,0.554939075818917,3658.29940266426
1075,0,0.29564730659914,0
1081,0,0.122605592696121,0
1094,0,0.0336965836732694,0
1099,0,0.0411503591449972,0
1105,0,0.366717657339455,0
1123,0,0.0715599896250619,0
1135,0,0.0170903136821108,0
1142,0,0.186110125475254,0
1155,0,0.0804813061599893,0
1169,0,0.0285387246084409,0
1176,0,0.0159158781993775,0
1178,1,0.627472081283142,3871.05789626264
1180,0,0.0307160875273541,0
1184,0,0.085677553489064,0
1185,1,0.660327739483662,3985.89604436198
1193,0,0.22719008192315,0
1196,0,0.161267521037267,0
1199,0,0.341334166043833,0
1203,0,0.345360875349842,0
1205,0,0.447475192910868,0
1207,0,0.040630362423268,0
1208,1,0.585526173959517,4133.67473338793
1212,1,0.56910435911125,3584.29290856596
1213,1,0.526042517143522,3848.23196035122
1222,0,0.103242535496144,0
1223,0,0.26744419292077,0
1226,0,0.363596684432705,0
1227,1,0.596834813338187,3622.38327344137
1229,0,0.0883318739556458,0
1230,0,0.227571634077996,0
1231,1,0.59263546022236,3594.8447582594
1241,0,0.0509061617066324,0
1243,0,0.0441142215726718,0
1244,0,0.138286837641956,0
1246,0,0.202720059758261,0
1248,0,0.197904037968755,0
1249,0,0.24657509981633,0
1252,0,0.106178006714206,0
1261,0,0.0735244639165663,0
1275,0,0.168208902853834,0
1281,1,0.876989622678563,4356.28156784288
1285,1,0.557442101233538,3573.12395402986
1288,0,0.479745936042172,0
1290,0,0.0712915515122461,0
1291,0,0.18987303134341,0
1304,1,0.633032544851655,4365.28157606028
1305,0,0.093708010337812,0
1323,0,0.290590199247531,0
1342,1,0.590600508080136,3882.24108675507
1348,0,0.303396513780223,0
1353,0,0.295787409820654,0
1363,0,0.187770197596546,0
1371,0,0.205924121347955,0
1372,0,0.245866277784827,0
1378,0,0.323716657934017,0
1381,0,0.347507506061434,0
1382,0,0.308678079593038,0
1393,1,0.59886749991852,3808.59820274822
1394,0,0.0158134712230998,0
1398,0,0.482480478209478,0
1404,0,0.398077269770252,0
1405,1,0.738302828957173,3602.38096457945
1419,1,0.522548684911321,3689.62744092117
1421,0,0.129376388782439,0
1426,0,0.0745086045139803,0
1431,1,0.50769363847205,3898.13136480221
1435,0,0.0353349911934461,0
1437,0,0.38908291687301,0
1438,0,0.195493701282274,0
1442,0,0.492952047810918,0
1464,0,0.0905146095946163,0
1471,0,0.2016412800201,0
1473,0,0.204267690768481,0
1476,0,0.0399992837182305,0
1478,0,0.356162842228733,0
1479,0,0.33359931721568,0
1487,0,0.466527346613696,0
1492,0,0.375263157130197,0
1496,0,0.135316874893493,0
1497,0,0.437127979416006,0
1515,0,0.0242364610101727,0
1519,0,0.131620747095343,0
1522,1,0.679383569304117,4181.39035732222
1526,0,0.301219597236474,0
1537,0,0.0903875971745683,0
1538,1,0.929321262071179,3670.1609590059
1540,0,0.164085545580506,0
1543,0,0.24534812225239,0
1548,0,0.296237483841943,0
1549,0,0.130794784337342,0
1556,1,0.576504456223435,4168.99032431527
1564,0,0.0117913500030439,0
1570,0,0.294023415979876,0
1577,1,0.667590285870698,3555.07491936406
1585,0,0.151535387553557,0
1590,0,0.247992291712807,0
1592,1,0.681598461317584,3694.01375376177
1594,0,0.433376299599346,0
1596,1,0.527857771454749,3880.13219171707
1598,0,0.198461830605404,0
1603,0,0.394055805311214,0
1607,0,0.242379559738323,0
1612,0,0.0722842338966375,0
1627,0,0.0333239673798529,0
1629,1,0.690045716075045,3762.32302035618
1630,0,0.122879166456194,0
1640,0,0.291570540099232,0
1641,0,0.382700806884513,0
1646,0,0.140581977191827,0
1662,1,0.523044336407423,3973.82606678626
1668,0,0.130865448174516,0
1671,0,0.0498179812193219,0
1672,1,0.554965961524556,3779.94898891404
1673,1,0.746298569369365,4204.92224219792
1686,0,0.33872889041462,0
1688,1,0.698123414775253,3600.5680589146
1696,0,0.0212231086488519,0
1701,0,0.0365063287748126,0
1707,0,0.132208777516102,0
1708,0,0.0839446106368311,0
1713,0,0.0441539701011807,0
1715,0,0.365644678165419,0
1717,0,0.0438027095211946,0
1721,0,0.247700246314428,0
1724,1,0.918412907830319,3753.77137170263
1725,1,0.767626821846077,3869.48193975422
1730,0,0.0486284041725548,0
1731,1,0.710408259888307,3509.8395529438
1734,0,0.424086443166847,0
1740,0,0.122745463931248,0
1748,0,0.0717897996458737,0
1749,0,0.0529990523627163,0
1750,1,0.591741653652387,3849.78196695185
1763,0,0.15349162860413,0
1768,0,0.0746513053537293,0
1773,1,0.59681125284203,3719.6232535323
1777,0,0.191555205479477,0
1778,0,0.362782086827191,0
1780,0,0.142824179648839,0
1782,0,0.345977059412826,0
1784,0,0.028519066241723,0
1786,0,0.124509096568518,0
1787,0,0.111042810230649,0
1792,0,0.229770002784864,0
1800,1,0.55831244156842,4204.5956292935
1801,0,0.184660679260821,0
1803,0,0.165304257786704,0
1804,1,0.695352783152431,4093.70966541795
1807,0,0.0145284514140112,0
1818,0,0.227813693947138,0
1821,0,0.0240755874672693,0
1822,0,0.0659693461993342,0
1828,0,0.072053968472558,0
1833,0,0.36322321259517,0
1844,0,0.347423319601431,0
1847,0,0.280251600055257,0
1850,0,0.0473912108702214,0
1854,1,0.646934677911414,3725.01058012914
1858,0,0.312579164981816,0
1864,0,0.187965556156058,0
1867,0,0.193427847418958,0
1876,1,0.72255044015417,3560.91414736691
1880,0,0.20735825937576,0
1881,0,0.124643700345865,0
1891,0,0.193074506944917,0
1894,0,0.124432135312227,0
1895,0,0.030459643445493,0
1901,0,0.329381893720048,0
1905,0,0.0387181437611239,0
1912,0,0.260806753960378,0
1918,0,0.252931516423419,0
1921,0,0.427167966930359,0
1923,0,0.312725806764013,0
1924,0,0.170652890343643,0
1931,0,0.134052168190961,0
1941,0,0.0843216471143141,0
1950,0,0.107121826183315,0
1951,0,0.191874928754959,0
1954,0,0.0216781653088799,0
1961,0,0.260353886335955,0
1966,0,0.00999271860404285,0
1979,0,0.100898644516413,0
1982,0,0.073209421608706,0
1987,1,0.662909424940661,3901.08755924844
1997,0,0.353188536405549,0
2004,0,0.0128311143453945,0
2011,1,0.557247509307716,3648.73607171137
2015,0,0.304049342994562,0
2025,0,0.0297714327400129,0
2033,0,0.396058923280669,0
2034,0,0.00674237062319254,0
2035,0,0.0971295060569862,0
2036,1,0.59054486761665,3754.4742175921
2053,1,0.665464411861861,3813.03883486892
2059,1,0.775911904487404,3911.31230301506
2060,0,0.0180205333532032,0
2073,0,0.306635453182566,0
2084,0,0.409172137338994,0
2089,0,0.0484812803571799,0
2092,0,0.293487478024978,0
2109,0,0.440797664403635,0
2129,1,0.521982820113814,3830.15984179602
2134,0,0.266054717694044,0
2135,0,0.0279879220402439,0
2148,0,0.0231324198299487,0
2149,0,0.021260089756988,0
2150,0,0.243023733102453,0
2165,1,0.713393465840213,3952.75796042391
2166,0,0.0302508522659171,0
2168,0,0.0643148621858787,0
2170,0,0.139852953789162,0
2171,0,0.110607483257617,0
2172,0,0.0241008367154686,0
2176,0,0.158426764856534,0
2182,0,0.0670211557655629,0
2189,0,0.183538288773668,0
2191,0,0.0391103376794283,0
2197,0,0.0206826659584202,0
2202,0,0.0986923417465898,0
2203,0,0.090806634512446,0
2204,0,0.480506153717913,0
2206,1,0.667517619532044,3811.67836560869
2218,0,0.0752667031255393,0
2219,0,0.187603938222275,0
2221,0,0.380907346644431,0
2226,0,0.105522952149949,0
2228,0,0.334243175264154,0
2232,1,0.533277385313664,4273.09947508821
2236,0,0.388789007563497,0
2241,1,0.911455131394084,3987.05026308938
2245,0,0.0429609502254866,0
2251,0,0.321585441069758,0
2255,0,0.0457591072012798,0
2256,0,0.016443422337299,0
2259,0,0.0324748623574609,0
2263,0,0.374159806241565,0
2264,0,0.0618595732174777,0
2267,0,0.0880406398428061,0
2273,1,0.695228742994419,4109.8967813933
2277,1,0.65981243552528,3678.61220002826
2287,0,0.151942069086591,0
2289,0,0.294625038810934,0
2291,0,0.0916281106933962,0
2296,1,0.84629534417493,4051.07099687096
2299,0,0.0738159683628433,0
2306,0,0.0460304518892443,0
2314,0,0.342043549165302,0
2317,0,0.0176336411480475,0
2318,1,0.616894682796219,3717.9278821245
2321,1,0.865164186357721,3776.08127105309
2324,0,0.0254359163394265,0
2340,0,0.403336838717805,0
2343,0,0.0743723075950064,0
2349,0,0.238830675444089,0
2352,0,0.168331387334927,0
2353,0,0.35971770021044,0
2365,1,0.826059216387391,3704.91032516365
2370,1,0.550771759450162,3700.71397964522
2378,0,0.19653561105803,0
2390,0,0.353922509918374,0
2399,0,0.217458833596015,0
2402,1,0.778734762754614,3805.81106514417
2403,1,0.532025401523002,3764.76894822377
2404,0,0.117119431040183,0
2414,0,0.222877499013482,0
2422,0,0.494080387164398,0
2424,0,0.0842721592140618,0
2430,1,0.508318614059293,3937.3879414372
2435,0,0.245957457974808,0
2439,0,0.0622016357234879,0
2442,1,0.525293354152583,4171.29940275161
2445,0,0.410434862745335,0
2449,0,0.303315506988276,0
2451,0,0.314790314981414,0
2461,1,0.797152601926437,3803.36076264291
2464,0,0.113509802307222,0
2465,1,0.64709222520497,3952.24009905777
2472,0,0.0439009748894157,0
2476,1,0.576696373024875,3686.76886442716
2482,0,0.156771436555336,0
2487,0,0.107463922985436,0
2498,0,0.197939819434037,0
2501,0,0.0757600008029239,0
2504,0,0.230834956213577,0
2511,0,0.403676626230847,0
2518,0,0.0341161312241295,0
2521,0,0.145400008272666,0
2530,0,0.0947210092690505,0
2543,1,0.615400719360603,4207.88662246562
2545,0,0.441269880615473,0
2561,0,0.3149897018393,0
2566,0,0.436070194651727,0
2572,0,0.148964904587419,0
2577,0,0.131634205507289,0
2578,0,0.215553315252712,0
2580,0,0.297639687245123,0
2581,0,0.108393957039462,0
2582,0,0.0537378468872779,0
2584,0,0.0647570363911605,0
2590,0,0.0153124034613122,0
2598,0,0.0111710003509734,0
2602,0,0.167115734461342,0
2605,0,0.0313152579763323,0
2616,0,0.166782231903901,0
2618,0,0.211418216086362,0
2619,0,0.344589566726065,0
2624,0,0.0411348077425131,0
2632,0,0.187761912053715,0
2640,0,0.402083480375578,0
2646,0,0.0146275651864618,0
2651,0,0.115886192663779,0
2660,0,0.0309385315187189,0
2661,0,0.0423304586127338,0
2668,0,0.0411269520264523,0
2670,0,0.372720313819956,0
2680,0,0.419075310126686,0
2681,0,0.0155167097831797,0
2689,0,0.304654542125717,0
2694,0,0.0813118039232707,0
2695,1,0.839858631233173,3987.85314245281
2696,0,0.459809550492588,0
2702,0,0.0273931446209494,0
2704,0,0.0816728716403269,0
2708,0,0.0635069260888881,0
2709,0,0.0478430153737449,0
2714,0,0.383203240320142,0
2716,0,0.136721466439399,0
2723,0,0.0817367038527163,0
2725,0,0.28681841364304,0
2738,0,0.047289424504332,0
2750,0,0.325301649028727,0
2756,0,0.277783433083476,0
2758,0,0.0743182302285723,0
2766,0,0.277613780374107,0
2767,0,0.307761077425103,0
2771,0,0.312816129758812,0
2775,1,0.8077757964308,3521.12871481301
2776,0,0.0897076442687854,0
2779,1,0.915617903091337,3891.82867042661
2780,0,0.304515805639426,0
2781,0,0.428214141068738,0
2782,1,0.566843383288015,3837.97891728613
2783,0,0.220172904144097,0
2796,0,0.227047083485614,0
2798,0,0.320266627868541,0
2800,0,0.0627338233224943,0
2803,0,0.0700980861600441,0
2806,0,0.00496276752824692,0
2813,0,0.087650194075336,0
2818,0,0.249417150284311,0
2821,0,0.47901608185147,0
2825,0,0.170655660714129,0
2829,0,0.0378591674408792,0
2830,1,0.695319831311889,3709.66652249621
2833,0,0.0660950481320782,0
2839,1,0.864057832147017,3639.24320709218
2843,0,0.0376432630747001,0
2846,0,0.0624285512533312,0
2847,0,0.114854501067067,0
2848,0,0.0959966466222176,0
2856,1,0.809660760225364,3751.26272364222
2863,0,0.406293934676773,0
2867,0,0.424407257550082,0
2869,0,0.142689652016163,0
2873,0,0.0112275446788147,0
2874,0,0.250980083943852,0
2875,1,0.603799609365889,3575.64293001402
2880,1,0.633883893269301,3930.04956073691
2886,0,0.408252923991124,0
2887,0,0.351327169405775,0
2888,0,0.334131813104164,0
2889,1,0.616332010113805,3579.42472405184
2890,0,0.472432295719712,0
2892,0,0.293255833051234,0
2901,0,0.180498208318005,0
2902,0,0.148305291818327,0
2905,0,0.293320146525139,0
2917,0,0.319613695102456,0
2922,1,0.592383336455712,4174.34228668944
2924,0,0.0868158636488452,0
2930,0,0.108116785870292,0
2931,0,0.112013711109494,0
2946,0,0.0693406407442756,0
2955,0,0.353556287382543,0
2962,0,0.0167482666354863,0
2964,0,0.0132869209670486,0
2965,1,0.592308070727215,3862.88238696065
2967,0,0.0167458054568499,0
2970,0,0.0665210032783436,0
2973,1,0.596449019289031,3571.68533600911
2974,0,0.246017493650141,0
2976,1,0.737451675890073,3906.09560009557
2977,0,0.200753827360684,0
2978,0,0.236356001828473,0
2986,0,0.0889602585719376,0
2988,0,0.361868129646915,0
2989,0,0.198246900194225,0
2995,1,0.674743524011584,4455.41349145817
3005,1,0.562998318789807,3983.6278522985
3011,0,0.0943532354379369,0
3013,0,0.0354292864785462,0
3019,1,0.605733114507858,3695.5016437227
3021,0,0.0122495637287434,0
3022,0,0.438968240941916,0
3029,0,0.183306432980895,0
3037,0,0.227771526160974,0
3042,0,0.157258028680556,0
3043,0,0.116658959125341,0
3049,0,0.0715874498212352,0
3050,1,0.601195507004964,3940.26019139272
3053,0,0.223340383263848,0
3058,0,0.221570391913984,0
3062,0,0.224171198006626,0
3063,0,0.358761595886227,0
3065,0,0.0416157160275208,0
3080,0,0.0500928970407742,0
3088,0,0.203660700003657,0
3093,0,0.281689149795389,0
3096,0,0.394935253950191,0
3101,0,0.209198204292975,0
3103,0,0.302839782596436,0
3107,0,0.330520713482608,0
3109,0,0.0233371482351684,0
3111,0,0.0699012968812962,0
3113,1,0.764064065254883,3609.87937834925
3116,0,0.00839263631438459,0
3132,0,0.124685538008562,0
3141,0,0.132072007475142,0
3153,0,0.28516219196286,0
3154,0,0.0678807841527929,0
3160,0,0.205110457944591,0
3167,0,0.0797035960953918,0
3170,0,0.297253020258345,0
3173,0,0.451815096722401,0
3174,0,0.324546094471452,0
3177,0,0.141505366956987,0
3179,0,0.262669150688476,0
3184,0,0.418389682507776,0
3190,0,0.298332695246064,0
3193,0,0.0881067848429435,0
3199,0,0.344282401043832,0
3201,0,0.0204841447157227,0
3202,0,0.199984390768947,0
3203,1,0.641024291723981,3509.30955937903
3206,1,0.748338994402817,4000.00713782417
3209,0,0.0320586152118137,0
3210,0,0.352803532749096,0
3217,0,0.36414047794262,0
3220,0,0.104668857943948,0
3228,0,0.376257357356472,0
3232,0,0.0339570094186885,0
3239,0,0.0529485108432208,0
3243,0,0.467641686701027,0
3245,0,0.121101879001027,0
3246,1,0.526491282299996,3917.91090673367
3251,0,0.0681915816189803,0
3253,0,0.345622987639722,0
3257,0,0.0783951989379969,0
3260,0,0.0176125584253611,0
3261,0,0.24395736737102,0
3263,0,0.225550856662731,0
3278,0,0.159787722449186,0
3281,0,0.162715597057539,0
3283,0,0.0604196632824877,0
3290,0,0.0516026732783321,0
3297,0,0.385485308676055,0
3304,0,0.0774123680984001,0
3305,1,0.500844584549118,4063.2319986239
3307,0,0.0423231802405317,0
3308,0,0.2518089261919,0
3313,0,0.29365571486812,0
3314,0,0.311697779284869,0
3317,0,0.205357188564732,0
3348,0,0.0456959934809899,0
3350,0,0.374405047158608,0
3359,0,0.0347272400612992,0
3367,0,0.0992817149237158,0
3376,0,0.160803695845842,0
3378,0,0.175560441919217,0
3384,1,0.751845816995939,3763.63205712793
3386,0,0.131341915427192,0
3387,0,0.104086515606297,0
3388,0,0.16002586112881,0
3390,0,0.0350212255325894,0
3391,0,0.32370103331688,0
3396,0,0.198497462995312,0
3398,0,0.0276789123127337,0
3404,0,0.0532241702462364,0
3406,0,0.0254144292953337,0
3407,0,0.0391943046733743,0
3414,0,0.167112138962848,0
3419,0,0.121799706092584,0
3423,1,0.521142446538485,3824.47901677418
3427,0,0.0324378210022679,0
3432,0,0.0773335692354755,0
3434,0,0.0360335514933966,0
3438,0,0.0393070755475346,0
3442,0,0.143737113751307,0
3443,0,0.0514500503058595,0
3448,0,0.0558583470773129,0
3456,0,0.0408089363776547,0
3464,0,0.174444224874111,0
3470,1,0.616849363891191,3509.30955937903
3475,0,0.433052663436243,0
3477,0,0.43812195702888,0
3490,0,0.07053811623885,0
3493,0,0.394985051740338,0
3502,1,0.537645337134814,4061.27995398904
3508,0,0.0153245499872985,0
3516,0,0.0528678510965865,0
3517,0,0.291633134435803,0
3525,0,0.350884975973037,0
3532,1,0.649362100943209,3814.09726152297
3535,0,0.228654395590472,0
3536,1,0.68527358738645,3430.15654929206
3540,0,0.110496342758221,0
3547,0,0.33880963539783,0
3550,1,0.649772293473255,3999.40968015795
3557,1,0.764681625856306,4205.24263104437
3562,0,0.0924322723196897,0
3563,0,0.142324280168228,0
3564,0,0.294663914163754,0
3570,0,0.092950499396635,0
3573,0,0.312082246179153,0
3577,0,0.384328148450347,0
3579,1,0.564694071818739,3887.17000041924
3581,0,0.0656242271556222,0
3587,0,0.329425198286745,0
3602,0,0.31648719210809,0
3609,0,0.435643185882341,0
3612,0,0.2461157488423,0
3621,0,0.301483337916006,0
3642,0,0.228837821519433,0
3647,1,0.644009771303628,3794.25796282071
3649,1,0.65404648535519,4286.54212678599
3654,0,0.477304813511319,0
3660,1,0.521918904477255,3661.79994566718
3665,1,0.542125441919384,3647.08341954823
3669,0,0.345489167748142,0
3673,0,0.192342008937694,0
3675,0,0.320527465059427,0
3678,0,0.0470741311966862,0
3680,0,0.40884433287727,0
3686,0,0.497588656792597,0
3693,0,0.237459699891141,0
3710,1,0.6805461146093,4169.20018770706
3713,0,0.0367699623011444,0
3718,0,0.446191913752217,0
3725,0,0.0647738680336547,0
3726,0,0.272181463187823,0
3747,0,0.136260766411758,0
3753,0,0.0122145320044648,0
3754,0,0.249774808384979,0
3760,1,0.810745068841404,4350.36486878711
3763,0,0.142878387788699,0
3765,0,0.24656029257628,0
3769,0,0.131137304287491,0
3771,0,0.449727841950166,0
3784,0,0.0906885024488103,0
3787,0,0.14784665642547,0
3794,0,0.321398247078847,0
3796,0,0.0511543728470215,0
3798,0,0.0622493523167249,0
3809,0,0.149515895802503,0
3812,0,0.281913312477165,0
3819,0,0.16420388592332,0
3828,0,0.144413334805406,0
3831,0,0.319108905229013,0
3833,0,0.0842411168517077,0
3837,1,0.771216057965451,3509.30955937903
3839,1,0.650340021887542,3715.14342588377
3843,0,0.318133925411257,0
3846,0,0.0912111220365999,0
3854,0,0.0209650187833655,0
3861,0,0.0430463118584722,0
3864,0,0.43976268141083,0
3868,0,0.0672733270666121,0
3869,0,0.0829123338572488,0
3870,0,0.246504384688785,0
3883,0,0.163739205034049,0
3886,0,0.0426542533799205,0
3889,0,0.335505562527981,0
3894,0,0.433952226025102,0
3907,0,0.0390574425322939,0
3910,0,0.0437636473040186,0
3913,0,0.0175606751788547,0
3914,0,0.402178087369082,0
3921,0,0.184036668401752,0
3923,0,0.0384603862371781,0
3929,1,0.572181920714844,4137.32735307842
3931,1,0.510637273653447,3948.59946518364
3932,0,0.324440717774156,0
3937,1,0.581051955224499,3787.50330540033
3943,0,0.212362519601871,0
3956,1,0.624767501482582,4229.65676981979
3957,1,0.515038313714793,3794.56410871597
3961,1,0.643109069008467,4191.29473714145
3971,0,0.210865349787469,0
4004,0,0.169284814202478,0
4005,0,0.0391814437904858,0
4006,0,0.0122624235627822,0
4011,0,0.120492401608823,0
4013,0,0.074604642384292,0
4014,0,0.0665319345812549,0
4016,0,0.488655454567749,0
4017,0,0.0224691153615625,0
4020,0,0.12146070898777,0
4022,0,0.211610219810121,0
4026,0,0.353503448736353,0
4032,0,0.113673651037028,0
4043,0,0.0333217414356902,0
4045,0,0.326104880460503,0
4048,0,0.13290632517575,0
4051,0,0.095712747075641,0
4052,0,0.361044687775566,0
4056,0,0.0420476015386853,0
4059,0,0.0440298621102672,0
4069,0,0.0367649223390835,0
4074,0,0.348732658271363,0
4076,0,0.31806942014218,0
4077,1,0.701777374882318,4347.95666627301
4079,1,0.687168710974432,3891.08540849841
4081,0,0.404471024230083,0
4088,0,0.140658710266829,0
4105,0,0.0927096810713594,0
4125,0,0.208678723474154,0
4134,0,0.48688588965154,0
4139,0,0.00651827651801548,0
4146,0,0.0248959688157988,0
4149,0,0.0888117835296705,0
4151,1,0.782067113160774,3944.33104674939
4155,0,0.199807019491756,0
4157,0,0.146337403497734,0
4168,1,0.603288121100377,3857.92975016879
4170,0,0.319156556320361,0
4174,0,0.102084335751063,0
4179,0,0.41776368233379,0
4185,0,0.0969871689963688,0
4199,1,0.661381791060028,3931.05065527252
4205,0,0.0816154401980145,0
4208,0,0.0186033655585057,0
4211,1,0.678230065006801,3807.57506383036
4212,0,0.0690532082332301,0
4215,1,0.534011414802874,4349.48900449327
4217,0,0.14036026715928,0
4219,1,0.874265443757242,3810.25932283371
4226,0,0.45434466100715,0
4227,0,0.296067952108925,0
4229,0,0.0589438677487876,0
4231,0,0.11375256153427,0
4233,0,0.0105582453962217,0
4237,0,0.347779675236418,0
4243,0,0.303930830983534,0
4248,0,0.251906890672031,0
4255,0,0.0929500449985156,0
4262,0,0.0302767459470796,0
4266,0,0.484160610765194,0
4268,0,0.3496047048899,0
4270,1,0.687507236225534,3983.03829029175
4273,0,0.0715372853450072,0
4276,0,0.081350330593514,0
4277,0,0.160129782740819,0
4279,0,0.436129760114108,0
4299,0,0.171499050860974,0
4313,0,0.0378546302808499,0
4322,0,0.0355500260979915,0
4324,0,0.070943364078452,0
4328,0,0.384977562855282,0
4331,0,0.241467793465887,0
4335,0,0.0485723062693476,0
4337,1,0.51380509387629,4037.43121661384
4338,0,0.364628617001433,0
4343,0,0.0410329734658608,0
4347,0,0.0929508838594932,0
4355,1,0.657329329623923,3944.72816521792
4357,0,0.00251332482799696,0
4359,0,0.0439424279801955,0
4362,0,0.108281328449756,0
4368,0,0.404085891672031,0
4374,0,0.0369334876992574,0
4375,1,0.562350638007659,3802.59502735655
4378,0,0.429574944487335,0
4381,1,0.608840251033777,4075.11233178588
4387,0,0.183001997697137,0
4400,0,0.0390367901797731,0
4423,0,0.191689686716542,0
4424,0,0.056942289186918,0
4428,0,0.377194388131001,0
4433,1,0.787003245991042,4495.28772309366
4436,1,0.554979523371874,3628.58824627361
4437,0,0.211355604899147,0
4439,0,0.286404685301983,0
4449,0,0.193575548310907,0
4456,0,0.0722833955419806,0
4463,0,0.0736509709203392,0
4467,0,0.0928497643464301,0
4468,0,0.0665359404136829,0
4469,0,0.0457169005345751,0
4472,0,0.189530862606851,0
4473,0,0.0215667387264057,0
4476,1,0.703158549467112,3772.09170213124
4500,0,0.0243424864647292,0
4509,0,0.310351855899035,0
4513,1,0.864299302701072,3538.11478741159
4521,0,0.0135274855895721,0
4527,0,0.42623539553301,0
4530,0,0.346698675157472,0
4532,0,0.470897513765298,0
4533,0,0.0921702034856115,0
4535,0,0.346000751382575,0
4536,0,0.410165622038711,0
4542,0,0.335759844532369,0
4551,1,0.877085467418041,3638.28190857774
4554,0,0.081674793543691,0
4555,0,0.485693437057064,0
4564,0,0.128722897453752,0
4572,0,0.33654152552357,0
4573,0,0.0504153465652022,0
4577,0,0.189534600211195,0
4579,0,0.270528153120861,0
4583,0,0.102558432374611,0
4584,0,0.481456000085632,0
4596,0,0.0271934352682691,0
4599,0,0.236792235294139,0
4607,0,0.451008391313173,0
4609,1,0.542860826291024,3570.13895790202
4610,0,0.0575493747357648,0
4616,0,0.334028265153191,0
4617,0,0.291682635711442,0
4633,0,0.163571751261404,0
4638,0,0.372216727251714,0
4641,0,0.0359725424008864,0
4653,0,0.472875689850187,0
4655,0,0.318786510547258,0
4659,0,0.338518553140536,0
4669,0,0.0750966777283252,0
4678,0,0.0499971563550446,0
4685,1,0.61235351488596,4030.02928319437
4686,0,0.248373869738251,0
4691,0,0.242489505087045,0
4695,0,0.0797684593019155,0
4698,0,0.119949201186517,0
4700,1,0.640074777240824,3791.98375186964
4711,0,0.0911447693924353,0
4722,0,0.0237512596945036,0
4727,0,0.452863111846693,0
4756,0,0.0136863657723089,0
4762,0,0.340538297192347,0
4763,0,0.288694542069299,0
4766,0,0.141148637012421,0
4770,0,0.137395286474956,0
4784,0,0.22881678590932,0
4791,0,0.0698931228610976,0
4795,0,0.086822392944617,0
4799,1,0.643868737547247,3901.55832455012
4802,0,0.441249671913086,0
4805,1,0.691709904248763,3630.39895059018
4814,1,0.634477141940997,4094.12182344771
4816,0,0.365305531851734,0
4817,0,0.0475779461859857,0
4822,0,0.290513566141198,0
4827,1,0.642395210691656,4326.99613036829
4833,0,0.138924988349203,0
4836,0,0.0267472569929303,0
4842,0,0.235475100838927,0
4844,0,0.0772461654621879,0
4845,0,0.469014214807252,0
4849,0,0.215110229149518,0
4850,0,0.272204174674426,0
4860,0,0.0273899234773044,0
4863,0,0.16502641362891,0
4871,0,0.270074185780437,0
4878,0,0.357383401202562,0
4881,1,0.871838008234841,3932.47397034867
4888,0,0.447496281524804,0
4900,0,0.186435444825327,0
4906,0,0.433984711501994,0
4909,0,0.0194523204844453,0
4916,0,0.116003734953405,0
4918,0,0.386586298400836,0
4926,0,0.239436105418656,0
4928,0,0.0857572954383537,0
4941,0,0.476028968553561,0
4946,0,0.103975875295457,0
4949,0,0.12475949021597,0
4956,0,0.0365439804075625,0
4966,0,0.123886994396447,0
4969,0,0.330220736312563,0
4973,0,0.0736512139258607,0
4978,1,0.655295724183914,3620.56030157324
4982,0,0.386044837736445,0
4985,0,0.0411651331429907,0
4991,0,0.150961923645243,0
4998,0,0.0406895176510007,0
5000,1,0.575986638007615,4263.96463346358
5004,0,0.335736216910726,0
5005,1,0.560904652837313,4120.28488085281
5011,1,0.781862488430496,3557.33097440663
5016,0,0.498258562299187,0
5018,0,0.0566220081892747,0
5034,0,0.272614226775539,0
5038,0,0.028193795141513,0
5042,0,0.0777637528878476,0
5046,0,0.0509440781221876,0
5051,0,0.239522581169949,0
5054,0,0.190449235908047,0
5057,0,0.406307965464902,0
5062,0,0.0395960433692324,0
5063,0,0.0560100750548206,0
5065,0,0.181282972745035,0
5066,0,0.0886846534103996,0
5076,0,0.18887477309598,0
5089,0,0.195439539394233,0
5092,0,0.337816888021659,0
5093,1,0.519866982934695,3579.42472405184
5094,0,0.0193937335697691,0
5098,1,0.78380357939826,3758.82355663118
5102,0,0.0677211096597493,0
5112,0,0.298957726862128,0
5117,0,0.392534698691049,0
5127,1,0.561804802119026,3571.68533600911
5130,0,0.306321583437096,0
5131,1,0.501880809183817,3812.5616223669
5132,1,0.548646441513579,4018.07811579305
5135,1,0.796165357909547,3586.09761960381
5136,0,0.0166473543168365,0
5147,1,0.544099364851554,4104.53976935982
5157,0,0.0502479403821444,0
5160,0,0.200950766494558,0
5165,0,0.0194017516897013,0
5166,0,0.478351478376444,0
5172,1,0.600619350351663,4128.26818181691
5173,0,0.159748711552891,0
5179,1,0.785646131207073,3433.88867053426
5184,0,0.44324531886681,0
5187,0,0.0658042875354626,0
5191,0,0.0880533065204908,0
5193,0,0.158772783095118,0
5194,0,0.0563203509516984,0
5199,0,0.155887884039263,0
5212,0,0.0680226111733961,0
5213,1,0.540002080152119,3846.86465122975
5224,0,0.224677579534445,0
5226,0,0.118427939672564,0
5239,0,0.302512036218942,0
5252,1,0.829767181649866,3953.0359686369
5264,0,0.151672594048603,0
5266,0,0.00971855119914059,0
5271,0,0.0223754160647403,0
5273,0,0.0376790853592717,0
5276,1,0.534644492372267,3889.91037215092
5278,0,0.0290499001121611,0
5281,1,0.614794815956085,4054.03836456139
5283,1,0.503062875385959,4042.81779105013
5291,0,0.0421706214756359,0
5294,0,0.282196959427496,0
5296,1,0.526476673146964,3518.9320509779
5297,1,0.889232377682308,4134.20456823729
5313,0,0.0223438390038015,0
5314,0,0.314416895297978,0
5321,0,0.388443358665116,0
5325,0,0.0256260337043377,0
5326,0,0.0969982043939227,0
5328,0,0.0106817766278384,0
5334,0,0.122113149827494,0
5338,0,0.434247412028188,0
5344,0,0.209557237711247,0
5348,0,0.152180286432318,0
5352,0,0.16531409106851,0
5353,0,0.0427073301484245,0
5354,0,0.306602847136481,0
5361,1,0.801790051494068,3782.15735877313
5364,0,0.0166681129321023,0
5365,0,0.100304497530706,0
5367,1,0.550848160731336,3580.86645937495
5379,0,0.350753218259716,0
5382,0,0.240221355816536,0
5386,0,0.246133582932648,0
5395,0,0.0742143526267449,0
5410,0,0.14492679078906,0
5411,0,0.116424337518625,0
5416,0,0.278817730586162,0
5424,1,0.721653516597719,3849.38283392682
5426,0,0.315838732168968,0
5428,0,0.228005224890565,0
5430,0,0.189653203514286,0
5433,0,0.142731023093866,0
5437,0,0.0018684303512935,0
5440,0,0.214727383520431,0
5442,1,0.872790750156286,3901.67672109552
5445,1,0.53830728520471,3815.34281388604
5449,0,0.256409214456422,0
5452,0,0.385193138590999,0
5460,1,0.58030922283227,3793.03633403534
5461,0,0.0242633970951405,0
5465,0,0.147119825021478,0
5467,0,0.0821098244466831,0
5471,0,0.269013321948268,0
5474,1,0.702172855435891,4558.86615467864
5475,0,0.0311604565155637,0
5480,0,0.0325422724103808,0
5481,0,0.153400142297999,0
5484,0,0.070333989452523,0
5494,0,0.0432285449905202,0
5495,1,0.752450265776884,3936.99156191399
5497,0,0.0360399000599491,0
5499,1,0.642121457233163,3812.17780919416
5507,0,0.0303596704708309,0
5510,0,0.0836213771837932,0
5515,0,0.116592969256608,0
5516,0,0.139160085153454,0
5517,0,0.169153800922803,0
5524,0,0.0835044844675961,0
5530,0,0.116038404248391,0
5534,0,0.318375831724497,0
5543,0,0.384340131814965,0
5545,1,0.680133680006254,3890.29031566164
5558,0,0.0970312703284421,0
5562,0,0.161787467133428,0
5573,1,0.770261405234241,3790.45701609724
5581,0,0.176134579759343,0
5583,0,0.434810464336796,0
5587,0,0.403588737897107,0
5589,1,0.759069136408547,4062.00497716704
5591,0,0.103972727627061,0
5596,0,0.488420252247567,0
5606,1,0.740975701956713,3848.81313968016
5608,0,0.27744850692704,0
5611,0,0.0718725290085507,0
5612,0,0.215517620569125,0
5614,0,0.226346291309082,0
5620,0,0.0397643932050548,0
5623,0,0.173082289490783,0
5624,0,0.0894256785811232,0
5626,0,0.22207119661946,0
5633,0,0.436708936249727,0
5635,0,0.0882074253867405,0
5640,1,0.610611638015875,3989.25857039425
5643,0,0.117604693664635,0
5644,0,0.372728314100393,0
5653,0,0.36052761655324,0
5663,0,0.0197978752337245,0
5664,0,0.355971733703012,0
5667,0,0.421388122357795,0
5671,1,0.537286129139986,3632.42603815162
5673,1,0.552615703595352,3789.88464867254
5676,0,0.0411247230180391,0
5678,0,0.151643953750052,0
5698,0,0.190064640623484,0
5700,0,0.0125312063351181,0
5705,0,0.268876661987463,0
5706,1,0.765960680619483,3796.8569246206
5711,0,0.0349279549970496,0
5712,1,0.830473428920587,3577.08314209066
5716,0,0.221174542933619,0
5719,0,0.289375216187589,0
5725,1,0.863043788174667,3762.60968590266
5728,0,0.0342683061610461,0
5734,0,0.0925186959713063,0
5735,0,0.0539436790202734,0
5743,0,0.190086699190869,0
5754,0,0.201758483983391,0
5755,0,0.275764391938148,0
5756,0,0.111590867861515,0
5766,0,0.0248177811505778,0
5770,0,0.477675428427214,0
5774,0,0.23163457462652,0
5775,0,0.0266053656745278,0
5776,0,0.103727423249928,0
5778,0,0.0205132397604816,0
5786,0,0.437792303196729,0
5787,0,0.482479944931595,0
5791,0,0.203357280494079,0
5794,0,0.20735214233194,0
5803,0,0.193896425991673,0
5804,0,0.341292220198117,0
5808,0,0.152871789081502,0
5810,0,0.0270358826972392,0
5813,1,0.546068428342951,3600.20558727815
5828,0,0.119917330849903,0
5839,0,0.21029549878115,0
5842,0,0.352896253254798,0
5843,0,0.0357458442600167,0
5844,0,0.275055517312991,0
5847,1,0.649114008574512,4522.75154814261
5851,0,0.0176039155981121,0
5854,0,0.0297504030430478,0
5857,0,0.0196504552191658,0
5866,0,0.435341720218955,0
5874,0,0.380205503644315,0
5886,0,0.0683359486348224,0
5895,0,0.118450320048726,0
5897,0,0.0335270637173877,0
5898,0,0.195451443148,0
5900,1,0.783678878893244,4314.38147059108
5902,0,0.278868656796557,0
5908,1,0.633988949613361,3889.91037215092
5909,0,0.0416720978279286,0
5912,0,0.0237224134623428,0
5913,0,0.0572094025323411,0
5917,0,0.350135224573593,0
5918,1,0.800595824113621,4005.55745050631
5921,0,0.0451938667028785,0
5931,0,0.220968409000082,0
5942,0,0.370562202638162,0
5943,1,0.685588024760594,4202.06858489794
5950,0,0.0477032263603974,0
5954,0,0.00981191658123163,0
5983,0,0.0361389125129675,0
5995,1,0.665353805791165,4199.53107298347
6002,0,0.0917875470004474,0
6005,0,0.0428336633626541,0
6009,0,0.288643199060881,0
6011,0,0.00722274831985032,0
6012,0,0.0175399761672736,0
6019,0,0.267391253671078,0
6021,0,0.109567113226899,0
6029,1,0.642684144873671,3991.46810081417
6036,0,0.471993077838753,0
6037,0,0.0077566565008436,0
6038,0,0.0535383012660733,0
6043,0,0.0286183033672122,0
6045,0,0.104694482998128,0
6047,1,0.780923919528513,3648.24165123965
6048,0,0.0365373739158528,0
6061,0,0.371784147643184,0
6063,0,0.262575229840766,0
6064,0,0.0613902435915368,0
6068,1,0.693132982387115,3876.22780532182
6069,0,0.0209097506294798,0
6070,0,0.376702343557786,0
6071,0,0.14157887321687,0
6074,0,0.370734962696362,0
6079,0,0.398662680803946,0
6082,0,0.0297414119033891,0
6088,1,0.848568310422795,4025.86338497302
6094,0,0.0868844888389795,0
6095,0,0.456801854858885,0
6098,1,0.572774926327625,4024.24907712093
6102,0,0.0266271385533325,0
6105,0,0.396530952088313,0
6113,0,0.0942778088979093,0
6116,0,0.295045125211884,0
6120,0,0.312489304370467,0
6121,0,0.212934311691802,0
6126,0,0.309873125722131,0
6144,0,0.0983827322201662,0
6145,0,0.0186308120096974,0
6153,0,0.339390995563424,0
6156,0,0.120032563624178,0
6159,0,0.231820960007836,0
6162,0,0.0744757455717802,0
6184,1,0.57139680949974,3834.4038376136
6188,0,0.154324711468238,0
6189,0,0.316910730667157,0
6191,0,0.387345381899908,0
6211,1,0.558114539363234,3951.76321845063
6216,0,0.165406682492626,0
6218,0,0.445692543465049,0
6222,0,0.308146505118812,0
6235,0,0.241372057671927,0
6245,0,0.12836686127073,0
6248,1,0.641645964020281,3746.33438380469
6253,0,0.197383069126241,0
6256,0,0.00630215750961946,0
6257,0,0.46157212549294,0
6259,0,0.385232800714572,0
6266,0,0.0908230608596106,0
6268,0,0.223199188994617,0
6275,0,0.154730095820191,0
6280,1,0.680968436909514,4160.39501459162
6283,0,0.302114059763776,0
6288,0,0.0472895723002436,0
6289,0,0.0769541536683892,0
6301,0,0.0289443455923316,0
6308,0,0.162312526485429,0
6314,0,0.0244205237350436,0
6315,0,0.162807467851945,0
6316,1,0.64184882546617,4081.88732958205
6317,0,0.380003859608232,0
6318,0,0.0466474878481965,0
6323,1,0.751611199475493,3772.09170213124
6329,1,0.515919997574895,3549.99673778436
6336,0,0.162286926914438,0
6341,1,0.937763696081976,3795.78622955397
6348,0,0.285141756024187,0
6349,0,0.0240459529170614,0
6365,0,0.036460849789489,0
6372,0,0.16780093360838,0
6376,0,0.0371639760871184,0
6378,0,0.093319915545672,0
6379,1,0.794002739769103,3889.51877222691
6382,0,0.149476275170919,0
6383,1,0.500117503750875,3971.01463942955
6389,1,0.648251733116037,3702.48665324596
6390,0,0.0170481261120054,0
6392,0,0.0498785014967618,0
6394,0,0.486983214505425,0
6402,0,0.166170694195183,0
6404,0,0.350463652709617,0
6405,0,0.0284827096765791,0
6406,0,0.288255843528949,0
6409,0,0.0796123479621071,0
6410,0,0.121287682798444,0
6411,0,0.0518363726778396,0
6421,0,0.0751034058172324,0
6428,0,0.310794054043343,0
6429,0,0.278574852019761,0
6432,0,0.106920307887262,0
6436,0,0.0299216585620998,0
6437,0,0.279371754149412,0
6438,0,0.199196383258417,0
6445,0,0.189443681951644,0
6447,0,0.418903406657868,0
6450,0,0.0287896544910945,0
6462,0,0.123052861703475,0
6467,1,0.61709298298313,3940.4585407061
6478,0,0.0333511468981029,0
6484,0,0.193882808497274,0
6492,0,0.373547394706365,0
6497,0,0.0303034978165155,0
6504,0,0.236337170582544,0
6505,0,0.123279518669484,0
6513,1,0.54350697392294,3650.02198557102
6525,0,0.129717903179428,0
6526,0,0.252649908095138,0
6528,0,0.0415007403644659,0
6540,0,0.00833501687360311,0
6542,0,0.125698136246402,0
6544,0,0.380715710528744,0
6548,0,0.0569078825990553,0
6552,0,0.181219261930927,0
6558,0,0.00814088403419335,0
6567,0,0.0399747441115152,0
6569,1,0.509405380724055,4131.08414042143
6572,0,0.0716096999442481,0
6577,0,0.0504079725043482,0
6581,0,0.250117799324821,0
6588,1,0.592659026623331,4003.94472528167
6591,1,0.678070733230751,3498.44420068576
6594,0,0.351641028763021,0
6600,0,0.420728243276084,0
6602,0,0.19518766255758,0
6604,0,0.079506328777563,0
6605,0,0.0523209803605304,0
6614,0,0.315921584921616,0
6616,0,0.133724397158143,0
6621,0,0.377684980233726,0
6640,0,0.359702577837331,0
6641,1,0.51406965700336,4144.41440099303
6643,0,0.0604271793551857,0
6644,0,0.101982013006474,0
6649,1,0.578068631640303,4149.84209832369
6650,1,0.589553203054084,3979.03035454523
6655,1,0.50118203878444,3909.7257686815
6661,0,0.0159035915595905,0
6672,0,0.206788838932405,0
6677,0,0.0747799070214603,0
6688,0,0.043850304530948,0
6689,0,0.0506406312427715,0
6691,0,0.0230382540608127,0
6692,0,0.432043009938411,0
6694,1,0.518236207878087,3705.9170183965
6702,1,0.62715782673686,3988.45540807429
6714,0,0.0295014571718799,0
6716,1,0.511129607870291,3511.67698235896
6724,0,0.0665936447730598,0
6725,0,0.0724177658443104,0
6730,0,0.186509748269102,0
6735,0,0.475953530732305,0
6738,0,0.347448844509229,0
6739,0,0.324796993827496,0
6743,0,0.228923708766931,0
6747,0,0.130129360736605,0
6750,1,0.680223558603556,3907.96665324648
6751,0,0.347141985134831,0
6753,1,0.517302355173168,3831.9830005265
6754,0,0.336429920473425,0
6755,0,0.15739184439481,0
6762,0,0.218187287970734,0
6764,0,0.0496303059445832,0
6772,1,0.710957473395935,4068.03195503776
6774,0,0.0796392911521994,0
6787,0,0.204409901912235,0
6789,0,0.0193811443551253,0
6793,0,0.132506809572596,0
6798,0,0.00834907716748186,0
6799,0,0.0144325236908869,0
6800,0,0.103522812875089,0
6802,0,0.0276946420984979,0
6808,1,0.532224041636219,3845.71453053066
6809,0,0.138942932115285,0
6812,0,0.0174976360037785,0
6814,1,0.823208531844679,3805.73497871702
6816,1,0.515844571056274,3571.68533600911
6822,0,0.0919484861653639,0
6829,0,0.445783630541419,0
6834,1,0.837793202988164,3843.97265928736
6836,0,0.0203089699519139,0
6839,0,0.0975480378707425,0
6840,0,0.497288454746422,0
6843,0,0.0530811178185222,0
6846,0,0.340532844602813,0
6848,0,0.014061016337581,0
6852,0,0.114651533080504,0
6856,0,0.149694025786098,0
6860,0,0.0997650493796344,0
6866,0,0.395334488185125,0
6870,0,0.40241722143011,0
6878,1,0.581157209226741,3535.72954119008
6880,0,0.124541487968136,0
6885,0,0.0192370900519101,0
6897,0,0.0704224564456202,0
6902,1,0.787710427388362,3843.77916674589
6904,0,0.49861138299061,0
6907,0,0.0594389662521903,0
6909,0,0.15303328385128,0
6914,0,0.471064626773335,0
6915,0,0.385859864163805,0
6922,0,0.246016001474794,0
6924,0,0.201178795325465,0
6933,0,0.071788309557701,0
6934,0,0.132972246111279,0
6941,0,0.221098552452104,0
6957,0,0.332373648537784,0
6960,0,0.0340383050465453,0
6969,0,0.061840617285085,0
6975,0,0.111858167377938,0
6980,1,0.693770973560515,3772.73680757666
6983,0,0.0401498310293373,0
6987,0,0.0633614056066914,0
6994,0,0.0528726393120047,0
6997,0,0.0138775457714989,0
7002,0,0.10460212831515,0
7010,0,0.0173142849930322,0
7015,0,0.417158396802925,0
7019,0,0.264388662090484,0
7022,0,0.313342008001736,0
7025,0,0.0153721635878857,0
7029,0,0.0491456534570555,0
7031,0,0.209924510996944,0
7037,0,0.300962488611896,0
7038,0,0.285731661337194,0
7043,0,0.168705822718445,0
7049,0,0.0745509678319284,0
7052,0,0.324958837391492,0
7053,0,0.262523660200872,0
7056,0,0.00750643149673094,0
7057,1,0.53032405010809,3552.74926651658
7080,0,0.157756008938253,0
7086,0,0.127473707261008,0
7087,0,0.0632475380243059,0
7105,1,0.507557198471551,3593.8682372328
7108,0,0.010374056885113,0
7121,1,0.536312894162938,3509.30955937903
7122,0,0.186969347084366,0
7125,0,0.349726349538556,0
7132,0,0.366790469244041,0
7134,0,0.121506991441689,0
7151,0,0.287097161893914,0
7152,1,0.743650139672862,4110.84914246879
7157,0,0.171261442410608,0
7159,0,0.135591276168937,0
7166,1,0.76191559281251,3755.04123715556
7167,0,0.104128449954829,0
7177,0,0.030638008040944,0
7179,1,0.66457496020402,3691.03977077004
7181,0,0.315828982864058,0
7183,0,0.0746545602736995,0
7186,0,0.0299803878942166,0
7193,0,0.0208076666795455,0
7205,0,0.0460084284604679,0
7207,0,0.0272525304804561,0
7209,0,0.414784446888852,0
7216,0,0.228638994173125,0
7232,1,0.664994865070485,3764.01098267473
7235,0,0.0948028074123631,0
7238,0,0.301015307151303,0
7240,1,0.640379378314601,3457.78985823096
7243,0,0.254927638182052,0
7252,0,0.216999080651656,0
7269,0,0.0897377019916704,0
7275,0,0.0188003595840953,0
7281,0,0.17755749066758,0
7283,0,0.0482892825860531,0
7287,0,0.181649154542453,0
7289,0,0.24241839025332,0
7291,0,0.405431454039233,0
7294,0,0.0310208384455038,0
7304,0,0.388285166966528,0
7308,0,0.289870618728453,0
7313,0,0.0424456446983776,0
7319,0,0.299312798609173,0
7325,0,0.0572567551848088,0
7326,0,0.136337495199679,0
7330,0,0.354918699435819,0
7332,0,0.00929239624883113,0
7337,0,0.408956161163956,0
7341,0,0.207371335711717,0
7346,0,0.450632451614476,0
7353,1,0.575883090500407,4014.91143103912
7354,1,0.582749245988207,3685.4700045302
7361,1,0.567300768562126,4248.33751820922
7366,1,0.509472773016944,4410.56129473251
7368,0,0.0292914345138465,0
7372,0,0.0511337017942439,0
7375,0,0.3395814944011,0
7377,0,0.34197339271495,0
7380,0,0.128282679137066,0
7382,0,0.414270565730953,0
7385,1,0.521313167628862,3944.52960098612
7392,1,0.670206301434912,3952.47997176263
7395,0,0.0414506425279805,0
7397,0,0.20716577220967,0
7403,0,0.0850354951182595,0
7406,0,0.325933385734924,0
7409,1,0.565391394167796,4070.28511566779
7410,0,0.305274227772963,0
7412,0,0.0634180698653529,0
7419,0,0.325293213806692,0
7425,0,0.0856079052756885,0
7435,0,0.164755255824935,0
7438,0,0.248777125781004,0
7440,0,0.145384712588811,0
7447,0,0.219443769588947,0
7449,1,0.622975007976355,3798.76866280042
7456,0,0.263800265669975,0
7464,0,0.090568527321047,0
7478,0,0.279451147937516,0
7480,0,0.0183774724351101,0
7481,0,0.46510566628433,0
7483,0,0.227118524768908,0
7484,0,0.116210001559601,0
7491,0,0.499103679289789,0
7494,0,0.318902846371302,0
7501,1,0.637164453921275,3900.59399080473
7503,1,0.803534079650227,4281.15113419567
7509,0,0.170608924457356,0
7517,0,0.0883441555700585,0
7518,0,0.177687724902484,0
7519,0,0.184127777743709,0
7521,0,0.425273912793633,0
7522,0,0.440657751164785,0
7536,0,0.0594328464355699,0
7539,0,0.018555474134848,0
7547,0,0.437824763995393,0
7549,0,0.0605106073948762,0
7552,0,0.484421605001062,0
7554,0,0.260039455366937,0
7556,0,0.0512773816070676,0
7564,0,0.129791769260194,0
7566,0,0.227860310569035,0
7570,0,0.179979013700447,0
7571,0,0.0339230574426501,0
7572,0,0.18810947377683,0
7575,0,0.0559515820771669,0
7586,0,0.104111931683676,0
7589,0,0.0342438808210087,0
7590,0,0.0308082314124992,0
7597,0,0.296660236996453,0
7602,0,0.0218149180796655,0
7604,0,0.375165746469959,0
7605,0,0.46062453026463,0
7612,1,0.835344157590798,4059.23610645943
7615,0,0.115746540752156,0
7617,0,0.102826458715133,0
7624,0,0.0850873064500383,0
7632,0,0.13186164681593,0
7639,0,0.33402875027681,0
7642,0,0.163168719979964,0
7643,0,0.203162467824985,0
7649,0,0.426429771172814,0
7650,0,0.423510104650461,0
7653,0,0.442619742210345,0
7654,0,0.274679808593433,0
7657,0,0.488266610711819,0
7662,0,0.183448764972177,0
7669,1,0.748521574499182,4533.2363045011
7671,0,0.0240315858112481,0
7675,0,0.0739471165036489,0
7678,0,0.231215269637114,0
7682,1,0.74718682119105,4188.13121862988
7688,0,0.331666134101295,0
7689,0,0.0703597946332165,0
7690,0,0.0877945220281164,0
7692,1,0.553882230834845,3953.7707151368
7699,0,0.338700236523099,0
7705,1,0.520306946689712,3860.06654150243
7712,0,0.117077977675052,0
7726,1,0.533011790756908,4174.87049434982
7728,0,0.36439364064368,0
7735,0,0.320386062972693,0
7737,1,0.633019116246623,3599.66194824157
7739,0,0.0440585019125016,0
7743,1,0.520743022143252,3964.43558361355
7744,0,0.223198908882055,0
7746,0,0.294084379238017,0
7749,0,0.175313877269047,0
7750,0,0.35667814865535,0
7752,0,0.0357550709469636,0
7755,0,0.121846375541208,0
7756,1,0.794127902880386,4051.2749243051
7762,0,0.103176825359269,0
7764,1,0.625636112933704,3845.1338190986
7769,0,0.109310554446922,0
7770,0,0.499669186647391,0
7776,0,0.305375293195216,0
7778,0,0.347915452382004,0
7784,0,0.464795644999448,0
7786,0,0.214449973484165,0
7789,0,0.241280579656457,0
7793,0,0.179132857006305,0
7794,0,0.0360412577188608,0
7804,0,0.224446945268818,0
7811,0,0.242685601986712,0
7813,0,0.13837249351939,0
7815,0,0.258478744213623,0
7817,0,0.0144420450014804,0
7818,0,0.326492766100036,0
7821,0,0.162106011387603,0
7825,0,0.0401598512631935,0
7830,1,0.563889171973512,3568.0913245309
7832,0,0.223180373493029,0
7835,0,0.00745827620407066,0
7839,0,0.150048843778157,0
7842,0,0.0341250074569392,0
7849,0,0.425111857433435,0
7856,1,0.544848899658627,4242.98181767078
7857,0,0.00274646449953723,0
7863,0,0.139353412069696,0
7866,0,0.203351663821472,0
7871,0,0.158859976933281,0
7875,1,0.544342570594818,3807.57506383036
7882,1,0.679895896029716,4374.52037666456
7887,1,0.582520299355839,3674.524129651
7888,1,0.711171601184625,3764.27571579966
7891,1,0.866935478741513,3923.69525942067
7895,0,0.0105419042817408,0
7901,0,0.433742744922458,0
7906,0,0.23001764530158,0
7908,1,0.793083461670873,3869.20980770994
7917,0,0.154507408137213,0
7924,1,0.65200915036199,3876.42293129988
7948,0,0.160303509842817,0
7950,1,0.768787239553073,3928.26949093188
7955,0,0.210944763585036,0
7957,0,0.0556904461123537,0
7959,0,0.149217348426203,0
7967,0,0.12583441796539,0
7969,0,0.0490229780182385,0
7971,0,0.15689757691334,0
7974,0,0.308540275840057,0
7976,0,0.059546620068512,0
7986,1,0.842808670734731,3702.48665324596
7987,1,0.73399342275123,3803.16931436652
7993,0,0.3341269784242,0
7996,0,0.388912579158727,0
7998,0,0.167558683163656,0
8018,0,0.0471627513043064,0
8019,0,0.386831201345363,0
8027,0,0.0135763378987094,0
8036,0,0.0909171457286586,0
8040,0,0.043702275788415,0
8044,0,0.0525242353203201,0
8050,0,0.0653026748927135,0
8052,0,0.419470132143233,0
8054,0,0.269196811120803,0
8057,1,0.582227500507848,3702.48665324596
8058,0,0.127330304265401,0
8059,1,0.637792767997098,4047.51332775502
8066,1,0.811232111707868,3737.76625527142
8070,0,0.0405509454679913,0
8072,1,0.542852218365577,3912.48204174751
8078,0,0.0179566912814347,0
8079,0,0.0791222538703334,0
8080,0,0.27210276585352,0
8081,0,0.190820853217391,0
8088,0,0.14019760743754,0
8091,1,0.591484366312943,3984.24145805573
8094,0,0.288051279165147,0
8095,1,0.86106057249837,3973.81411983889
8099,0,0.0823056286900282,0
8101,0,0.483061538515878,0
8102,0,0.00856355318944461,0
8116,0,0.40130245671878,0
8125,0,0.160247535325082,0
8134,0,0.251044308571232,0
8139,0,0.0223962265992128,0
8141,0,0.0712968541021204,0
8147,0,0.0605865060168189,0
8158,0,0.23812909567291,0
8160,0,0.0503878309127831,0
8165,0,0.213493103858311,0
8187,0,0.392339526261944,0
8205,0,0.349251573074672,0
8209,0,0.263979483172721,0
8211,0,0.363883316883762,0
8232,0,0.00198613511138018,0
8236,0,0.079878033955682,0
8237,0,0.418654157751568,0
8238,1,0.724032022732123,4164.79527417266
8245,0,0.342419967451595,0
8256,0,0.437601289808457,0
8268,0,0.0588435560185331,0
8269,0,0.0144453054301516,0
8270,0,0.384975933188118,0
8286,0,0.108933415990436,0
8289,0,0.0739864538417784,0
8301,0,0.308086547979544,0
8305,0,0.0943223284055403,0
8310,0,0.285226970594192,0
8312,0,0.0260709900651856,0
8318,1,0.901545723955354,3814.86531303457
8321,0,0.154405527160954,0
8328,0,0.0407779314236901,0
8331,0,0.0251099225387187,0
8334,0,0.347894814906281,0
8344,0,0.139726209408985,0
8345,0,0.0936262726743338,0
8352,0,0.372807027105426,0
8358,0,0.425660605444467,0
8359,0,0.244576945370128,0
8360,0,0.140865373743322,0
8365,0,0.264400263568015,0
8366,0,0.0852786084757995,0
8369,1,0.713554887263929,3369.13243208222
8373,0,0.0369555074375201,0
8378,0,0.108406317116553,0
8392,0,0.111943300489999,0
8397,0,0.344290505044259,0
8399,0,0.217243136173157,0
8400,0,0.127013001284561,0
8405,0,0.487785976066847,0
8406,0,0.0391734244640237,0
8410,0,0.171165169747643,0
8413,0,0.0868910263706727,0
8414,0,0.238306126869259,0
8416,1,0.724454274726211,3773.9909708864
8426,0,0.054142545531205,0
8434,0,0.230344376141978,0
8439,0,0.0968562637701519,0
8440,0,0.113652006496827,0
8475,0,0.0138978960225532,0
8480,0,0.154499281059553,0
8497,0,0.266216778974394,0
8499,1,0.773168795636104,4120.07747969161
8500,0,0.254716035978483,0
8501,0,0.0799025202765793,0
8502,0,0.486968047239585,0
8518,0,0.389889410243113,0
8520,0,0.403210807341302,0
8523,0,0.373191797444852,0
8525,0,0.170548998443996,0
8532,0,0.0626106033694842,0
8535,0,0.358031654848032,0
8543,0,0.192023381344942,0
8554,0,0.173739596410055,0
8560,0,0.0766117884999829,0
8561,0,0.150902727138913,0
8563,0,0.0215483764981136,0
8566,1,0.745240012768217,3777.79237775478
8570,1,0.518693692550351,4065.48250070234
8572,0,0.0439275709193598,0
8582,0,0.127880521073528,0
8583,0,0.315846738556262,0
8587,0,0.206133020898431,0
8592,0,0.39838213353073,0
8593,0,0.31802745712799,0
8607,0,0.0464941852127406,0
8609,0,0.248277552975623,0
8610,0,0.042038792721686,0
8614,0,0.26854358444799,0
8616,0,0.453079653920527,0
8622,0,0.141229082148845,0
8623,0,0.141254241871564,0
8624,0,0.210767846269032,0
8633,0,0.0722747568961413,0
8641,0,0.246855044134539,0
8644,1,0.760471050589758,3816.59399447297
8649,1,0.580107460346946,4169.82984127062
8653,0,0.165028972701008,0
8657,0,0.1391917045957,0
8658,0,0.163057849594791,0
8663,0,0.0736018817782611,0
8672,1,0.683549740044913,3837.1070103288
8680,0,0.322031770003291,0
8684,1,0.6638743943261,3702.48665324596
8687,0,0.104364610707391,0
8688,0,0.0456008978404339,0
8690,0,0.0995977395403472,0
8712,0,0.252622013476919,0
8717,0,0.305503726277668,0
8730,0,0.0377998973676622,0
8739,0,0.219289687535845,0
8744,0,0.0178755886286567,0
8747,0,0.261725881661491,0
8748,0,0.27113281650356,0
8751,1,0.741177903884395,3650.02198557102
8758,0,0.313800104653336,0
8761,0,0.355050097727381,0
8763,0,0.00921110938681372,0
8764,0,0.253796849128838,0
8765,0,0.150711663959471,0
8773,0,0.0649730052755626,0
8780,0,0.193724820662481,0
8781,0,0.0692629500899975,0
8782,1,0.511779336615373,4081.47640320711
8785,0,0.0798202627193044,0
8786,0,0.158032015755613,0
8797,1,0.809232319817125,4027.39292551121
8799,0,0.0478725962352896,0
8807,1,0.796207516966011,3506.09497895142
8816,0,0.0466973790797236,0
8817,0,0.060371433924459,0
8826,0,0.359600217820072,0
8833,0,0.194464366131088,0
8834,0,0.0484002634428566,0
8835,0,0.0850013909932073,0
8840,0,0.0815570468667057,0
8843,0,0.0720467218276787,0
8849,0,0.278575105790362,0
8855,0,0.0757249399648639,0
8861,0,0.22099377633347,0
8862,0,0.181311480906308,0
8865,0,0.276908910339388,0
8868,0,0.0109479110559682,0
8870,0,0.0161261529587319,0
8880,0,0.215244214261832,0
8885,0,0.0539126871860395,0
8894,0,0.25300475419206,0
8895,0,0.219762517940971,0
8899,0,0.0708735826885536,0
8912,0,0.330038703226202,0
8922,0,0.0136383852499408,0
8924,0,0.14244657803011,0
8928,0,0.19905217616326,0
8932,0,0.460039064288477,0
8943,0,0.164901399841229,0
8945,0,0.0744978154462455,0
8946,0,0.0311199220893459,0
8954,0,0.453850121316921,0
8958,0,0.462123837916242,0
8960,0,0.497638847186461,0
8965,0,0.248050344313726,0
8966,0,0.0685343356848857,0
8967,0,0.0346910011342164,0
8969,1,0.520114787515319,3781.88057381005
8980,0,0.102427855497481,0
8984,0,0.0251269102740858,0
8985,1,0.845452000532595,4049.03228702012
8988,0,0.489309217872071,0
8989,0,0.416327245365686,0
8995,0,0.123115336904376,0
9004,0,0.0541544409053369,0
9010,0,0.082990149325598,0
9012,0,0.1444060631546,0
9018,1,0.511882074775151,3785.97837355389
9036,0,0.226290119322842,0
9037,0,0.154973791767302,0
9040,0,0.113738023465999,0
9041,0,0.351666910766379,0
9044,0,0.242564816716357,0
9045,0,0.067321863364099,0
9047,0,0.426370548672762,0
9049,0,0.0161904225712046,0
9061,0,0.0135558152016452,0
9062,0,0.283372562001752,0
9076,0,0.154877575864043,0
9079,0,0.282236898468611,0
9081,0,0.183876139582714,0
9082,0,0.0806181685507645,0
9089,0,0.499796509649302,0
9092,0,0.148509070658355,0
9094,1,0.515032571455675,4142.82859305593
9115,0,0.0288393299655762,0
9117,0,0.279194922859659,0
9118,0,0.163731652173086,0
9120,0,0.0207188370879489,0
9124,0,0.0176190521085274,0
9128,0,0.218888903692555,0
9135,0,0.266375261668715,0
9136,1,0.844280532937374,3823.70902972382
9138,0,0.310203851250578,0
9157,0,0.367176606790926,0
9176,0,0.0687753219143944,0
9183,0,0.22456687041237,0
9187,0,0.45306237066576,0
9188,0,0.483593947535461,0
9190,0,0.209244656136484,0
9197,0,0.0230678814770448,0
9200,0,0.0448782411408924,0
9201,0,0.239798039084818,0
9203,0,0.0264785300008339,0
9212,0,0.314723401616874,0
9213,0,0.0789747492503284,0
9214,0,0.0724259261047653,0
9217,0,0.290368426307825,0
9219,0,0.00956405099709595,0
9220,0,0.202665379367686,0
9221,0,0.435807247347555,0
9237,0,0.00965316905700913,0
9240,0,0.264744558999251,0
9241,0,0.0102717104689538,0
9248,0,0.399614123276821,0
9253,0,0.417428363267873,0
9259,1,0.59098788478489,4131.98620928754
9267,0,0.136055730424343,0
9271,0,0.465672902573584,0
9273,0,0.244143515498984,0
9285,0,0.0184648454287058,0
9290,0,0.060244155176935,0
9291,0,0.116548502275687,0
9293,0,0.0685939297425857,0
9294,0,0.0416104570073889,0
9301,0,0.135034063080715,0
9302,0,0.106604150673042,0
9312,0,0.0520692931341252,0
9316,0,0.252154261908199,0
9319,1,0.5967357360138,3702.48665324596
9328,0,0.0366869782589001,0
9331,1,0.678148788940047,3433.88867053426
9338,0,0.0278424863913363,0
9350,0,0.263924965787496,0
9356,0,0.113482469669877,0
9359,0,0.489754541828096,0
9362,0,0.3976914164109,0
9364,0,0.183721901550492,0
9370,0,0.415939446778511,0
9380,0,0.0513493784256597,0
9386,0,0.0737567935086247,0
9394,0,0.290653945982189,0
9407,0,0.302224764893201,0
9411,1,0.544347346753314,4023.94798295348
9422,0,0.18869452863349,0
9423,0,0.253174169077638,0
9429,0,0.236905637167557,0
9433,0,0.19401965931867,0
9439,0,0.0401132730410262,0
9451,0,0.180708887227271,0
9452,0,0.421788721678395,0
9453,0,0.0216716777962385,0
9460,0,0.0114879976175184,0
9465,0,0.0489908394117152,0
9470,0,0.0388186090500691,0
9476,1,0.705490490382206,3821.7847402528
9485,1,0.765371213838098,4108.36671542914
9486,0,0.0714204986078427,0
9488,0,0.298948469935742,0
9507,0,0.0139993759204187,0
9508,1,0.521565083252686,4306.47179667265
9517,0,0.414662999886277,0
9521,0,0.0946906811396896,0
9528,0,0.306951543343766,0
9532,1,0.550047891858729,4154.32610759431
9536,0,0.161189010497325,0
9540,0,0.127096461799633,0
9542,0,0.348048659560202,0
9546,0,0.251759676649527,0
9548,0,0.148847714760473,0
9549,0,0.0982716824829861,0
9554,0,0.159072755523589,0
9555,0,0.483148295282848,0
9558,0,0.0226708961528766,0
9573,1,0.641116349943546,3667.88779909108
9575,1,0.605342737509172,3846.37222699753
9584,1,0.580581070831079,3627.6375265018
9586,0,0.112216001436653,0
9588,0,0.137542406093941,0
9591,0,0.405516245257768,0
9592,1,0.792179857301517,3764.02789259592
9597,0,0.421276711281087,0
9600,0,0.144036293985934,0
9603,1,0.504406468715503,3920.97168097039
9605,0,0.392463230693491,0
9614,1,0.658851239776463,3616.26120817523
9616,0,0.0293690356610857,0
9622,1,0.560514042557131,4102.04272383652
9624,0,0.218951483876579,0
9629,0,0.414226055330267,0
9633,0,0.035464493031271,0
9640,0,0.457064795835806,0
9644,1,0.546674472586101,3809.49219865176
9645,0,0.341334027280594,0
9646,0,0.215364807132579,0
9648,1,0.961812240121867,3468.86258430417
9649,0,0.0509145928535109,0
9660,0,0.180425803746022,0
9664,0,0.385907762203321,0
9675,0,0.0798434080489697,0
9679,1,0.849617443015784,3566.29567519826
9680,1,0.534158460248324,4228.27017631587
9682,0,0.055365645253489,0
9697,0,0.0160136542252196,0
9701,0,0.128712316920798,0
9704,0,0.330697682705381,0
9705,0,0.270965877473612,0
9707,0,0.280133538254222,0
9714,0,0.0510597394049189,0
9718,0,0.142137471103043,0
9722,0,0.123360732981782,0
9739,0,0.161567683339643,0
9747,1,0.595770139443988,3573.48369906538
9751,0,0.123901909122038,0
9757,0,0.157712477595728,0
9759,0,0.0151411069629446,0
9760,0,0.0581933142566643,0
9764,1,0.743076908509842,3960.44636685683
9776,0,0.432060302942579,0
9778,0,0.178450664712358,0
9786,0,0.041754058469474,0
9803,0,0.481399992625644,0
9804,0,0.110417188930365,0
9815,0,0.074616002814153,0
9824,0,0.0108197371172382,0
9825,0,0.232857133292539,0
9826,0,0.356217604334966,0
9827,0,0.0203196192529425,0
9833,0,0.0426431501242948,0
9835,0,0.0431916707632738,0
9860,0,0.385807227290774,0
9865,0,0.217205580669538,0
9871,0,0.24209896172023,0
9874,0,0.218093140938708,0
9880,0,0.39703505078256,0
9882,0,0.334308686529295,0
9885,0,0.0440332642206947,0
9888,1,0.609698615993782,3712.14127152967
9892,0,0.0327758853798409,0
9893,0,0.185551469468094,0
9896,0,0.267431404877055,0
9902,0,0.0763423111487785,0
9906,0,0.0734478490697108,0
9910,0,0.237727318023755,0
9914,0,0.35446572293324,0
9918,0,0.430997102242258,0
9920,0,0.247760516848316,0
9926,0,0.349651936865748,0
9931,0,0.0897494417055774,0
9935,0,0.359570484367258,0
9945,1,0.821014213751334,3711.33086053165
9953,0,0.257453866540178,0
9957,0,0.00635997303013412,0
9963,0,0.116710967348767,0
9972,0,0.174087836052793,0
9976,0,0.377766000068988,0
9979,0,0.464391601347176,0
9980,0,0.011773024386743,0
9982,0,0.0898028185691041,0
9991,1,0.669172905329179,3867.45729455671
10000,0,0.200394647459469,0
10003,0,0.1670774903572,0
10005,1,0.951650565204001,3646.95636459721
10014,0,0.021979290377548,0
10032,1,0.520074646021686,3673.43099374734
10034,0,0.447931926319603,0
10041,0,0.0167221904847072,0
10042,0,0.0290014076879997,0
10044,0,0.032829114412204,0
10045,0,0.292842926427892,0
10054,0,0.494567358757012,0
10061,0,0.0974675978524893,0
10062,0,0.41098533795626,0
10073,0,0.127770161015996,0
10081,0,0.0225974904401418,0
10084,1,0.624932328702122,3895.59300362111
10086,0,0.232724833971282,0
10093,0,0.261644686250105,0
10101,1,0.637084336172079,3690.29664920671
10105,0,0.337267720880279,0
10110,1,0.575216115745477,3885.80053859185
10113,1,0.547847398213281,3900.47562711482
10115,0,0.496829262435234,0
10119,1,0.571604271210897,3659.58868690192
10121,0,0.425848378864104,0
10124,1,0.911132356785218,3773.9909708864
10126,0,0.411831761724218,0
10127,0,0.0132691930645762,0
10145,0,0.199309289650895,0
10147,1,0.615434716419566,3825.82686722896
10148,0,0.00730763355084624,0
10162,0,0.379781342466099,0
10163,0,0.0307128028782384,0
10166,1,0.787815837749084,3781.40726085177
10172,0,0.0845693185087968,0
10173,0,0.38131282810069,0
10175,0,0.02072869653055,0
10180,0,0.0871546300059914,0
10186,0,0.0387939692295329,0
10192,0,0.347735251119514,0
10199,0,0.387510637763812,0
10209,1,0.936015747812496,3994.05099064874
10210,0,0.184319633942834,0
10214,0,0.066507639734434,0
10215,0,0.253778849082594,0
10216,1,0.740313544023237,3885.40935240759
10232,0,0.303174724668263,0
10239,0,0.416628610646558,0
10249,0,0.0860303650071559,0
10253,0,0.374582060003868,0
10255,0,0.114981247225641,0
10262,0,0.0348873175714298,0
10264,0,0.0267876516847032,0
10266,0,0.0771677482049253,0
10268,0,0.221577766520071,0
10271,0,0.121671326463848,0
10272,0,0.151633718557321,0
10276,0,0.268692717197893,0
10277,0,0.0179420403571651,0
10279,0,0.218867589717433,0
10281,0,0.0194060582861618,0
10285,0,0.00719975598475019,0
10294,0,0.30117048838521,0
10300,0,0.108652579821867,0
